{"cameraMode":{"drawMode":0,"name":"Shaded","section":"Shading Mode"},"sceneLighting":true,"audioPlay":false,"sceneViewState":{"showFog":false,"showMaterialUpdate":false,"showSkybox":false,"showFlares":false,"showImageEffects":false,"showParticleSystems":false},"in2DMode":false,"pivot":{"x":1.2820957899093629,"y":1.4670000076293946,"z":-2.481588840484619},"rotation":{"x":-0.051015663892030719,"y":0.8868701457977295,"z":-0.44794708490371706,"w":-0.10100365430116654},"size":20.547271728515626,"orthographic":false}